run_id,event_index,tick,villager_id,simulation_day,next_activity,ticks_to_next_activity,villager_has_hunts
20261005_182715_614258720572051651_ca6d7b46d1764244b20ee6f33780b54b,8,112,3597,0,carrying,240.0,True
20261005_182715_614258720572051651_ca6d7b46d1764244b20ee6f33780b54b,82,1754,3595,0,carrying,200.0,False
20261005_182715_614258720572051651_ca6d7b46d1764244b20ee6f33780b54b,88,2021,3598,0,carrying,240.0,False
20261005_182715_614258720572051651_ca6d7b46d1764244b20ee6f33780b54b,97,2294,3595,0,carrying,200.0,False
20261005_182715_614258720572051651_ca6d7b46d1764244b20ee6f33780b54b,139,4283,3596,0,carrying,200.0,False
20261005_182715_614258720572051651_ca6d7b46d1764244b20ee6f33780b54b,150,4823,3596,0,carrying,200.0,False
20261005_182715_614258720572051651_ca6d7b46d1764244b20ee6f33780b54b,207,9121,3598,0,carrying,240.0,False
20261005_182715_614258720572051651_ca6d7b46d1764244b20ee6f33780b54b,2253,102284,3945,8,carrying,240.0,False
20261005_182715_614258720572051651_ca6d7b46d1764244b20ee6f33780b54b,2271,102609,3870,8,carrying,240.0,True
20261005_182715_614258720572051651_ca6d7b46d1764244b20ee6f33780b54b,2287,102904,3945,8,carrying,240.0,False
20261005_182715_614258720572051651_ca6d7b46d1764244b20ee6f33780b54b,2294,103021,3598,8,carrying,240.0,False
20261005_182715_614258720572051651_ca6d7b46d1764244b20ee6f33780b54b,3273,121941,3838,10,carrying,240.0,False
20261005_182715_614258720572051651_ca6d7b46d1764244b20ee6f33780b54b,3279,122113,3596,10,carrying,200.0,False
20261005_182715_614258720572051651_ca6d7b46d1764244b20ee6f33780b54b,3371,124241,3598,10,carrying,240.0,False
20261005_182715_614258720572051651_ca6d7b46d1764244b20ee6f33780b54b,3389,124762,3597,10,carrying,240.0,True
20261005_182715_614258720572051651_ca6d7b46d1764244b20ee6f33780b54b,3398,125041,3598,10,carrying,240.0,False
20261005_182715_614258720572051651_ca6d7b46d1764244b20ee6f33780b54b,3399,125123,3596,10,carrying,200.0,False
20261005_182715_614258720572051651_ca6d7b46d1764244b20ee6f33780b54b,3400,125149,3870,10,carrying,240.0,True
20261005_182715_614258720572051651_ca6d7b46d1764244b20ee6f33780b54b,3411,125591,3838,10,carrying,240.0,False
20261005_182715_614258720572051651_ca6d7b46d1764244b20ee6f33780b54b,3415,125752,3597,10,carrying,240.0,True
20261005_182715_614258720572051651_ca6d7b46d1764244b20ee6f33780b54b,3422,125949,3870,10,carrying,240.0,True
20261005_182715_614258720572051651_ca6d7b46d1764244b20ee6f33780b54b,3802,147804,3945,12,carrying,360.0,False
20261005_182715_614258720572051651_ca6d7b46d1764244b20ee6f33780b54b,4381,176374,3945,14,carrying,360.0,False
20261005_182715_614258720572051651_ca6d7b46d1764244b20ee6f33780b54b,4494,183030,4009,15,carrying,360.0,False
20261005_182715_614258720572051651_ca6d7b46d1764244b20ee6f33780b54b,4619,187234,3945,15,carrying,360.0,False
20261005_182715_614258720572051651_ca6d7b46d1764244b20ee6f33780b54b,4651,189550,4009,15,carrying,360.0,False
20261005_182715_614258720572051651_ca6d7b46d1764244b20ee6f33780b54b,4742,194394,3945,16,carrying,360.0,False
20261005_182715_614258720572051651_ca6d7b46d1764244b20ee6f33780b54b,4746,194630,4009,16,carrying,360.0,False
20261005_182715_614258720572051651_ca6d7b46d1764244b20ee6f33780b54b,4779,195784,3945,16,carrying,360.0,False
20261005_182715_614258720572051651_ca6d7b46d1764244b20ee6f33780b54b,4791,196570,4009,16,carrying,360.0,False
20261005_182715_614258720572051651_ca6d7b46d1764244b20ee6f33780b54b,4977,206810,4009,17,carrying,360.0,False
20261005_182715_614258720572051651_ca6d7b46d1764244b20ee6f33780b54b,5000,208070,4009,17,carrying,360.0,False
20261005_182715_614258720572051651_ca6d7b46d1764244b20ee6f33780b54b,5032,209344,3945,17,carrying,360.0,False
20261005_182715_614258720572051651_ca6d7b46d1764244b20ee6f33780b54b,5050,210334,3945,17,carrying,360.0,False
20261005_182715_614258720572051651_ca6d7b46d1764244b20ee6f33780b54b,5228,219720,4009,18,carrying,360.0,False
20261005_182715_614258720572051651_ca6d7b46d1764244b20ee6f33780b54b,5248,220940,4009,18,carrying,360.0,False
20261005_182715_614258720572051651_ca6d7b46d1764244b20ee6f33780b54b,5357,226390,4009,18,carrying,360.0,False
20261005_182715_614258720572051651_ca6d7b46d1764244b20ee6f33780b54b,5446,229490,4009,19,carrying,360.0,False
20261005_182715_614258720572051651_ca6d7b46d1764244b20ee6f33780b54b,5512,231844,3945,19,carrying,360.0,False
20261005_182715_614258720572051651_ca6d7b46d1764244b20ee6f33780b54b,5543,233114,3945,19,carrying,360.0,False
20261005_182715_614258720572051651_ca6d7b46d1764244b20ee6f33780b54b,5658,238564,3945,19,carrying,360.0,False
20261005_182715_614258720572051651_ca6d7b46d1764244b20ee6f33780b54b,5679,239844,3945,19,carrying,360.0,False
20261005_182715_614258720572051651_ca6d7b46d1764244b20ee6f33780b54b,5836,248520,4009,20,carrying,360.0,False
20261005_182715_614258720572051651_ca6d7b46d1764244b20ee6f33780b54b,5871,249274,3945,20,carrying,360.0,False
20261005_182715_614258720572051651_ca6d7b46d1764244b20ee6f33780b54b,5877,249750,4009,20,carrying,360.0,False
20261005_182715_614258720572051651_ca6d7b46d1764244b20ee6f33780b54b,5884,250314,3945,20,carrying,360.0,False
20261005_182715_614258720572051651_ca6d7b46d1764244b20ee6f33780b54b,5976,255624,3945,21,carrying,360.0,False
20261005_182715_614258720572051651_ca6d7b46d1764244b20ee6f33780b54b,5988,256280,4009,21,idle,170.0,False
20261005_182715_614258720572051651_ca6d7b46d1764244b20ee6f33780b54b,6088,259580,4009,21,carrying,360.0,False
20261005_182715_614258720572051651_ca6d7b46d1764244b20ee6f33780b54b,6099,259824,3945,21,idle,180.0,False
20261005_182715_614258720572051651_ca6d7b46d1764244b20ee6f33780b54b,6129,260620,4009,21,carrying,240.0,False
20261005_182715_614258720572051651_ca6d7b46d1764244b20ee6f33780b54b,6286,266974,3945,22,carrying,240.0,False
20261005_182715_614258720572051651_ca6d7b46d1764244b20ee6f33780b54b,6451,274140,4009,22,carrying,360.0,False
20261005_182715_614258720572051651_ca6d7b46d1764244b20ee6f33780b54b,6610,281784,3945,23,carrying,360.0,False
20261005_182715_614258720572051651_ca6d7b46d1764244b20ee6f33780b54b,6611,281880,4009,23,carrying,360.0,False
20261005_182715_614258720572051651_ca6d7b46d1764244b20ee6f33780b54b,6639,282824,3945,23,carrying,360.0,False
20261005_182715_614258720572051651_ca6d7b46d1764244b20ee6f33780b54b,6654,283090,4009,23,carrying,360.0,False
20261005_182715_614258720572051651_ca6d7b46d1764244b20ee6f33780b54b,6791,289370,4009,24,carrying,360.0,False
20261005_182715_614258720572051651_ca6d7b46d1764244b20ee6f33780b54b,6898,293234,3945,24,carrying,360.0,False
20261005_182715_614258720572051651_ca6d7b46d1764244b20ee6f33780b54b,6905,293360,4009,24,carrying,360.0,False
20261005_182715_614258720572051651_ca6d7b46d1764244b20ee6f33780b54b,7175,305280,4009,25,carrying,360.0,False
20261005_182715_614258720572051651_ca6d7b46d1764244b20ee6f33780b54b,7271,309114,3945,25,carrying,360.0,False
20261005_182715_614258720572051651_ca6d7b46d1764244b20ee6f33780b54b,7312,310364,3945,25,carrying,360.0,False
20261005_182715_614258720572051651_ca6d7b46d1764244b20ee6f33780b54b,7542,320970,4009,26,carrying,360.0,False
20261005_182715_614258720572051651_ca6d7b46d1764244b20ee6f33780b54b,7675,327164,3945,27,carrying,360.0,False
20261005_182715_614258720572051651_ca6d7b46d1764244b20ee6f33780b54b,7676,327190,4009,27,carrying,360.0,False
20261005_182715_614258720572051651_ca6d7b46d1764244b20ee6f33780b54b,7711,328234,3945,27,carrying,360.0,False
20261005_182715_614258720572051651_ca6d7b46d1764244b20ee6f33780b54b,8023,343030,4009,28,carrying,360.0,False
20261005_182715_614258720572051651_ca6d7b46d1764244b20ee6f33780b54b,8043,344040,4009,28,carrying,360.0,False
20261005_182715_614258720572051651_ca6d7b46d1764244b20ee6f33780b54b,8109,345220,4009,28,carrying,360.0,False
20261005_182715_614258720572051651_ca6d7b46d1764244b20ee6f33780b54b,8134,346510,4009,28,carrying,360.0,False
20261005_182715_614258720572051651_ca6d7b46d1764244b20ee6f33780b54b,8199,349944,3945,29,carrying,360.0,False
20261005_182715_614258720572051651_ca6d7b46d1764244b20ee6f33780b54b,8217,350500,4009,29,carrying,360.0,False
20261005_182715_614258720572051651_ca6d7b46d1764244b20ee6f33780b54b,8222,350944,3945,29,carrying,360.0,False
20261005_182715_614258720572051651_ca6d7b46d1764244b20ee6f33780b54b,8631,366100,4009,30,idle,323.0,False
20261005_182715_614258720572051651_ca6d7b46d1764244b20ee6f33780b54b,8665,367154,3945,30,carrying,360.0,False
20261005_182715_614258720572051651_ca6d7b46d1764244b20ee6f33780b54b,8683,368204,3945,30,carrying,360.0,False
20261005_182715_614258720572051651_ca6d7b46d1764244b20ee6f33780b54b,8820,373234,3945,31,carrying,60.0,False
20261005_182715_614258720572051651_ca6d7b46d1764244b20ee6f33780b54b,8840,373810,4009,31,carrying,360.0,False
20261005_182715_614258720572051651_ca6d7b46d1764244b20ee6f33780b54b,8881,374910,4009,31,idle,228.0,False
20261005_182715_614258720572051651_ca6d7b46d1764244b20ee6f33780b54b,8915,375330,4009,31,carrying,360.0,False
20261005_182715_614258720572051651_ca6d7b46d1764244b20ee6f33780b54b,9139,382496,4123,31,carrying,180.0,False
20261005_182715_614258720572051651_ca6d7b46d1764244b20ee6f33780b54b,9282,388026,4123,32,carrying,360.0,False
20261005_182715_614258720572051651_ca6d7b46d1764244b20ee6f33780b54b,9326,389076,4123,32,carrying,360.0,False
20261005_182715_614258720572051651_ca6d7b46d1764244b20ee6f33780b54b,9357,389780,4009,32,carrying,360.0,False
20261005_182715_614258720572051651_ca6d7b46d1764244b20ee6f33780b54b,9378,390206,4123,32,idle,200.0,False
20261005_182715_614258720572051651_ca6d7b46d1764244b20ee6f33780b54b,9403,390614,3945,32,carrying,360.0,False
20261005_182715_614258720572051651_ca6d7b46d1764244b20ee6f33780b54b,9417,390950,4009,32,carrying,180.0,False
20261005_182715_614258720572051651_ca6d7b46d1764244b20ee6f33780b54b,9553,395820,4009,32,carrying,360.0,False
20261005_182715_614258720572051651_ca6d7b46d1764244b20ee6f33780b54b,9558,396286,4123,33,carrying,360.0,False
20261005_182715_614258720572051651_ca6d7b46d1764244b20ee6f33780b54b,9654,401164,3945,33,carrying,360.0,False
20261005_182715_614258720572051651_ca6d7b46d1764244b20ee6f33780b54b,9832,406700,4009,33,carrying,360.0,False
20261005_182715_614258720572051651_ca6d7b46d1764244b20ee6f33780b54b,9858,407800,4009,33,carrying,360.0,False
20261005_182715_614258720572051651_ca6d7b46d1764244b20ee6f33780b54b,10068,416680,4009,34,carrying,360.0,False
20261005_182715_614258720572051651_ca6d7b46d1764244b20ee6f33780b54b,10089,417544,3945,34,carrying,360.0,False
20261005_182715_614258720572051651_ca6d7b46d1764244b20ee6f33780b54b,10094,417780,4009,34,carrying,360.0,False
20261005_182715_614258720572051651_ca6d7b46d1764244b20ee6f33780b54b,10132,418944,3945,34,carrying,360.0,False
20261005_182715_614258720572051651_ca6d7b46d1764244b20ee6f33780b54b,10485,434294,3945,36,carrying,360.0,False
20261005_182715_614258720572051651_ca6d7b46d1764244b20ee6f33780b54b,10486,434296,4123,36,carrying,360.0,False
20261005_182715_614258720572051651_ca6d7b46d1764244b20ee6f33780b54b,10494,434810,4009,36,carrying,360.0,False
20261005_182715_614258720572051651_ca6d7b46d1764244b20ee6f33780b54b,10513,435384,3945,36,idle,20.0,False
20261005_182715_614258720572051651_ca6d7b46d1764244b20ee6f33780b54b,10520,435556,4123,36,carrying,360.0,False
20261005_182715_614258720572051651_ca6d7b46d1764244b20ee6f33780b54b,10958,450806,4123,37,carrying,360.0,False
20261005_182715_614258720572051651_ca6d7b46d1764244b20ee6f33780b54b,10959,450934,3945,37,carrying,360.0,False
20261005_182715_614258720572051651_ca6d7b46d1764244b20ee6f33780b54b,10987,451480,4009,37,carrying,360.0,False
20261005_182715_614258720572051651_ca6d7b46d1764244b20ee6f33780b54b,11019,452024,3945,37,carrying,360.0,False
20261005_182715_614258720572051651_ca6d7b46d1764244b20ee6f33780b54b,11024,452086,4123,37,carrying,360.0,False
20261005_182715_614258720572051651_ca6d7b46d1764244b20ee6f33780b54b,11291,461816,4123,38,carrying,360.0,False
20261005_182715_614258720572051651_ca6d7b46d1764244b20ee6f33780b54b,11296,462034,3945,38,carrying,360.0,False
20261005_182715_614258720572051651_ca6d7b46d1764244b20ee6f33780b54b,11316,462916,4123,38,carrying,360.0,False
20261005_182715_614258720572051651_ca6d7b46d1764244b20ee6f33780b54b,11330,463284,3945,38,carrying,360.0,False
20261005_182715_614258720572051651_ca6d7b46d1764244b20ee6f33780b54b,11364,464006,4123,38,carrying,360.0,False
20261005_182715_614258720572051651_ca6d7b46d1764244b20ee6f33780b54b,11862,479924,3945,39,carrying,360.0,False
20261005_182715_614258720572051651_ca6d7b46d1764244b20ee6f33780b54b,11899,481016,4123,40,carrying,360.0,False
20261005_182715_614258720572051651_ca6d7b46d1764244b20ee6f33780b54b,11930,482086,4123,40,carrying,360.0,False
20261005_182715_614258720572051651_ca6d7b46d1764244b20ee6f33780b54b,12011,484394,3945,40,carrying,360.0,False
20261005_182715_614258720572051651_ca6d7b46d1764244b20ee6f33780b54b,12023,484736,4123,40,carrying,360.0,False
20261005_182715_614258720572051651_ca6d7b46d1764244b20ee6f33780b54b,12301,491964,3945,40,carrying,360.0,False
20261005_182715_614258720572051651_ca6d7b46d1764244b20ee6f33780b54b,12385,495600,4009,41,carrying,360.0,False
20261005_182715_614258720572051651_ca6d7b46d1764244b20ee6f33780b54b,12391,496154,3945,41,carrying,360.0,False
20261005_182715_614258720572051651_ca6d7b46d1764244b20ee6f33780b54b,12410,496900,4009,41,carrying,360.0,False
20261005_182715_614258720572051651_ca6d7b46d1764244b20ee6f33780b54b,12672,503750,4009,41,carrying,360.0,False
20261005_182715_614258720572051651_ca6d7b46d1764244b20ee6f33780b54b,12673,503766,4123,41,carrying,360.0,False
20261005_182715_614258720572051651_ca6d7b46d1764244b20ee6f33780b54b,12706,505036,4123,42,carrying,360.0,False
20261005_182715_614258720572051651_ca6d7b46d1764244b20ee6f33780b54b,13008,515690,4009,42,carrying,360.0,False
20261005_182715_614258720572051651_ca6d7b46d1764244b20ee6f33780b54b,13077,518174,3945,43,carrying,360.0,False
20261005_182715_614258720572051651_ca6d7b46d1764244b20ee6f33780b54b,13084,518370,4009,43,carrying,360.0,False
20261005_182715_614258720572051651_ca6d7b46d1764244b20ee6f33780b54b,13094,518514,4165,43,idle,140.0,False
20261005_182715_614258720572051651_ca6d7b46d1764244b20ee6f33780b54b,13096,518586,4123,43,carrying,360.0,False
20261005_182715_614258720572051651_ca6d7b46d1764244b20ee6f33780b54b,13135,519224,3945,43,carrying,240.0,False
20261005_182715_614258720572051651_ca6d7b46d1764244b20ee6f33780b54b,13592,536700,4009,44,carrying,360.0,False
20261005_182715_614258720572051651_ca6d7b46d1764244b20ee6f33780b54b,13641,538100,4209,44,carrying,360.0,False
20261005_182715_614258720572051651_ca6d7b46d1764244b20ee6f33780b54b,13737,540900,4009,45,carrying,360.0,False
20261005_182715_614258720572051651_ca6d7b46d1764244b20ee6f33780b54b,13761,541774,3945,45,carrying,360.0,False
20261005_182715_614258720572051651_ca6d7b46d1764244b20ee6f33780b54b,13834,545154,3945,45,carrying,360.0,False
20261005_182715_614258720572051651_ca6d7b46d1764244b20ee6f33780b54b,13889,546070,4009,45,carrying,360.0,False
20261005_182715_614258720572051651_ca6d7b46d1764244b20ee6f33780b54b,13937,547634,3945,45,carrying,360.0,False
20261005_182715_614258720572051651_ca6d7b46d1764244b20ee6f33780b54b,13955,547890,4209,45,carrying,360.0,False
20261005_182715_614258720572051651_ca6d7b46d1764244b20ee6f33780b54b,14029,548636,4123,45,carrying,360.0,False
20261005_182715_614258720572051651_ca6d7b46d1764244b20ee6f33780b54b,14263,554130,4009,46,carrying,360.0,False
20261005_182715_614258720572051651_ca6d7b46d1764244b20ee6f33780b54b,14282,554550,4209,46,carrying,360.0,False
20261005_182715_614258720572051651_ca6d7b46d1764244b20ee6f33780b54b,14283,554556,4123,46,carrying,360.0,False
20261005_182715_614258720572051651_ca6d7b46d1764244b20ee6f33780b54b,14306,555240,4009,46,carrying,360.0,False
20261005_182715_614258720572051651_ca6d7b46d1764244b20ee6f33780b54b,14529,560934,3945,46,idle,170.0,False
20261005_182715_614258720572051651_ca6d7b46d1764244b20ee6f33780b54b,14550,561370,4009,46,carrying,360.0,False
20261005_182715_614258720572051651_ca6d7b46d1764244b20ee6f33780b54b,14624,563066,4123,46,carrying,240.0,False
20261005_182715_614258720572051651_ca6d7b46d1764244b20ee6f33780b54b,14627,563140,4009,46,carrying,360.0,False
20261005_182715_614258720572051651_ca6d7b46d1764244b20ee6f33780b54b,14631,563384,3945,46,carrying,360.0,False
20261005_182715_614258720572051651_ca6d7b46d1764244b20ee6f33780b54b,14809,568234,3945,47,carrying,360.0,False
20261005_182715_614258720572051651_ca6d7b46d1764244b20ee6f33780b54b,14827,569230,4209,47,carrying,360.0,False
20261005_182715_614258720572051651_ca6d7b46d1764244b20ee6f33780b54b,15211,579786,4123,48,carrying,360.0,False
20261005_182715_614258720572051651_ca6d7b46d1764244b20ee6f33780b54b,15234,580866,4123,48,carrying,360.0,False
20261005_182715_614258720572051651_ca6d7b46d1764244b20ee6f33780b54b,15248,581376,4123,48,carrying,360.0,False
20261005_182715_614258720572051651_ca6d7b46d1764244b20ee6f33780b54b,15269,582350,4009,48,carrying,360.0,False
20261005_182715_614258720572051651_ca6d7b46d1764244b20ee6f33780b54b,15278,582586,4123,48,idle,320.0,False
20261005_182715_614258720572051651_ca6d7b46d1764244b20ee6f33780b54b,15570,591716,4123,49,idle,83.0,False
20261005_182715_614258720572051651_ca6d7b46d1764244b20ee6f33780b54b,15584,591950,4209,49,carrying,360.0,False
20261005_182715_614258720572051651_ca6d7b46d1764244b20ee6f33780b54b,15585,592190,4009,49,carrying,360.0,False
20261005_182715_614258720572051651_ca6d7b46d1764244b20ee6f33780b54b,15586,592196,4123,49,carrying,360.0,False
20261005_182715_614258720572051651_ca6d7b46d1764244b20ee6f33780b54b,15612,593120,4209,49,carrying,60.0,False
20261005_182715_614258720572051651_ca6d7b46d1764244b20ee6f33780b54b,15830,598424,3945,49,carrying,300.0,False
20261005_182715_614258720572051651_ca6d7b46d1764244b20ee6f33780b54b,15854,599010,4009,49,carrying,360.0,False
20261005_182715_614258720572051651_ca6d7b46d1764244b20ee6f33780b54b,15864,599180,4209,49,idle,170.0,False
20261005_182715_614258720572051651_ca6d7b46d1764244b20ee6f33780b54b,15894,599494,3945,49,carrying,360.0,False
20261005_182715_614258720572051651_ca6d7b46d1764244b20ee6f33780b54b,15944,600564,3945,50,carrying,240.0,False
20261005_182715_614258720572051651_ca6d7b46d1764244b20ee6f33780b54b,16027,603806,4123,50,carrying,360.0,False
20261005_182715_614258720572051651_ca6d7b46d1764244b20ee6f33780b54b,16172,608400,4009,50,carrying,360.0,False
20261005_182715_614258720572051651_ca6d7b46d1764244b20ee6f33780b54b,16220,609750,4009,50,carrying,360.0,False
20261005_182715_614258720572051651_ca6d7b46d1764244b20ee6f33780b54b,16284,610820,4209,50,carrying,360.0,False
20261005_182715_614258720572051651_ca6d7b46d1764244b20ee6f33780b54b,16285,610840,4009,50,carrying,360.0,False
20261005_182715_614258720572051651_ca6d7b46d1764244b20ee6f33780b54b,16452,616864,3945,51,carrying,360.0,False
20261005_182715_614258720572051651_ca6d7b46d1764244b20ee6f33780b54b,16472,617732,4187,51,idle,70.0,False
20261005_182715_614258720572051651_ca6d7b46d1764244b20ee6f33780b54b,16532,619440,4009,51,carrying,360.0,False
20261005_182715_614258720572051651_ca6d7b46d1764244b20ee6f33780b54b,16827,627620,4009,52,carrying,300.0,False
20261005_182715_614258720572051651_ca6d7b46d1764244b20ee6f33780b54b,16964,630536,4123,52,carrying,360.0,False
20261005_182715_614258720572051651_ca6d7b46d1764244b20ee6f33780b54b,16970,630664,3945,52,carrying,360.0,False
20261005_182715_614258720572051651_ca6d7b46d1764244b20ee6f33780b54b,17014,631706,4123,52,carrying,360.0,False
20261005_182715_614258720572051651_ca6d7b46d1764244b20ee6f33780b54b,17104,634176,4123,52,carrying,360.0,False
20261005_182715_614258720572051651_ca6d7b46d1764244b20ee6f33780b54b,17130,634860,4209,52,carrying,360.0,False
20261005_182715_614258720572051651_ca6d7b46d1764244b20ee6f33780b54b,17151,635396,4123,52,carrying,360.0,False
20261005_182715_614258720572051651_ca6d7b46d1764244b20ee6f33780b54b,17234,637280,4009,53,carrying,360.0,False
20261005_182715_614258720572051651_ca6d7b46d1764244b20ee6f33780b54b,17400,641940,4009,53,carrying,360.0,False
20261005_182715_614258720572051651_ca6d7b46d1764244b20ee6f33780b54b,17404,642560,4209,53,carrying,360.0,False
20261005_182715_614258720572051651_ca6d7b46d1764244b20ee6f33780b54b,17420,643124,3945,53,carrying,360.0,False
20261005_182715_614258720572051651_ca6d7b46d1764244b20ee6f33780b54b,17451,643640,4209,53,carrying,360.0,False
20261005_182715_614258720572051651_ca6d7b46d1764244b20ee6f33780b54b,17862,653186,4123,54,carrying,360.0,False
20261005_182715_614258720572051651_ca6d7b46d1764244b20ee6f33780b54b,17863,653270,4009,54,carrying,360.0,False
20261005_182715_614258720572051651_ca6d7b46d1764244b20ee6f33780b54b,17869,653620,4209,54,carrying,360.0,False
20261005_182715_614258720572051651_ca6d7b46d1764244b20ee6f33780b54b,17900,654566,4123,54,carrying,360.0,False
20261005_182715_614258720572051651_ca6d7b46d1764244b20ee6f33780b54b,18080,659634,3945,54,carrying,360.0,False
20261005_182715_614258720572051651_ca6d7b46d1764244b20ee6f33780b54b,18163,661660,4209,55,idle,190.0,False
20261005_182715_614258720572051651_ca6d7b46d1764244b20ee6f33780b54b,18262,664476,4123,55,carrying,360.0,False
20261005_182715_614258720572051651_ca6d7b46d1764244b20ee6f33780b54b,18265,664574,3945,55,carrying,360.0,False
20261005_182715_614258720572051651_ca6d7b46d1764244b20ee6f33780b54b,18344,666540,4009,55,carrying,360.0,False
20261005_182715_614258720572051651_ca6d7b46d1764244b20ee6f33780b54b,18347,666664,3945,55,carrying,360.0,False
20261005_182715_614258720572051651_ca6d7b46d1764244b20ee6f33780b54b,18382,667470,4009,55,carrying,360.0,False
20261005_182715_614258720572051651_ca6d7b46d1764244b20ee6f33780b54b,18579,672330,4009,56,carrying,360.0,False
20261005_182715_614258720572051651_ca6d7b46d1764244b20ee6f33780b54b,18636,673630,4009,56,carrying,360.0,False
20261005_182715_614258720572051651_ca6d7b46d1764244b20ee6f33780b54b,18739,675500,4009,56,carrying,360.0,False
20261005_182715_614258720572051651_ca6d7b46d1764244b20ee6f33780b54b,18747,675856,4123,56,carrying,360.0,False
20261005_182715_614258720572051651_ca6d7b46d1764244b20ee6f33780b54b,18759,676254,3945,56,carrying,180.0,False
20261005_182715_614258720572051651_ca6d7b46d1764244b20ee6f33780b54b,18782,676630,4209,56,carrying,360.0,False
20261005_182715_614258720572051651_ca6d7b46d1764244b20ee6f33780b54b,19399,695444,3945,57,idle,310.0,False
20261005_182715_614258720572051651_ca6d7b46d1764244b20ee6f33780b54b,19400,695640,4009,57,carrying,360.0,False
20261005_182715_614258720572051651_ca6d7b46d1764244b20ee6f33780b54b,19430,696032,4187,58,carrying,360.0,False
20261005_182715_614258720572051651_ca6d7b46d1764244b20ee6f33780b54b,19546,698244,3945,58,carrying,360.0,False
20261005_182715_614258720572051651_ca6d7b46d1764244b20ee6f33780b54b,19593,699500,4209,58,carrying,60.0,False
20261005_182715_614258720572051651_ca6d7b46d1764244b20ee6f33780b54b,19599,699586,4123,58,carrying,360.0,False
20261005_182715_614258720572051651_ca6d7b46d1764244b20ee6f33780b54b,19779,704340,4209,58,carrying,360.0,False
20261005_182715_614258720572051651_ca6d7b46d1764244b20ee6f33780b54b,19816,705390,4209,58,carrying,360.0,False
20261005_182715_614258720572051651_ca6d7b46d1764244b20ee6f33780b54b,19866,706400,4209,58,carrying,360.0,False
20261005_182715_614258720572051651_ca6d7b46d1764244b20ee6f33780b54b,20063,710216,4123,59,carrying,360.0,False
20261005_182715_614258720572051651_ca6d7b46d1764244b20ee6f33780b54b,20086,710810,4009,59,carrying,360.0,False
20261005_182715_614258720572051651_ca6d7b46d1764244b20ee6f33780b54b,20168,711980,4009,59,carrying,360.0,False
20261005_182715_614258720572051651_ca6d7b46d1764244b20ee6f33780b54b,20183,712720,4209,59,carrying,360.0,False
20261005_182715_614258720572051651_ca6d7b46d1764244b20ee6f33780b54b,20221,713360,4009,59,carrying,360.0,False
20261005_182715_614258720572051651_ca6d7b46d1764244b20ee6f33780b54b,20229,713576,4123,59,carrying,360.0,False
20261005_182715_614258720572051651_ca6d7b46d1764244b20ee6f33780b54b,20313,717622,3597,59,idle,249.0,True
20261005_182715_614258720572051651_ca6d7b46d1764244b20ee6f33780b54b,20373,718506,4123,59,carrying,120.0,False
20261005_182715_614258720572051651_ca6d7b46d1764244b20ee6f33780b54b,20487,721256,4123,60,carrying,360.0,False
20261005_182715_614258720572051651_ca6d7b46d1764244b20ee6f33780b54b,20505,721880,4209,60,carrying,360.0,False
20261005_182715_614258720572051651_ca6d7b46d1764244b20ee6f33780b54b,20524,722180,4009,60,carrying,360.0,False
20261005_182715_614258720572051651_ca6d7b46d1764244b20ee6f33780b54b,20540,722526,4123,60,carrying,360.0,False
20261005_182715_614258720572051651_ca6d7b46d1764244b20ee6f33780b54b,20775,726840,4009,60,carrying,360.0,False
20261005_182715_614258720572051651_ca6d7b46d1764244b20ee6f33780b54b,20826,728270,4209,60,carrying,360.0,False
20261005_182715_614258720572051651_ca6d7b46d1764244b20ee6f33780b54b,20834,728470,4009,60,carrying,360.0,False
20261005_182715_614258720572051651_ca6d7b46d1764244b20ee6f33780b54b,20836,728586,4123,60,carrying,360.0,False
20261005_182715_614258720572051651_ca6d7b46d1764244b20ee6f33780b54b,20909,730081,4358,60,carrying,360.0,False
20261005_182715_614258720572051651_ca6d7b46d1764244b20ee6f33780b54b,21217,738030,4009,61,carrying,360.0,False
20261005_182715_614258720572051651_ca6d7b46d1764244b20ee6f33780b54b,21405,743374,3945,61,carrying,360.0,False
20261005_182715_614258720572051651_ca6d7b46d1764244b20ee6f33780b54b,21451,744020,4009,62,carrying,360.0,False
20261005_182715_614258720572051651_ca6d7b46d1764244b20ee6f33780b54b,21464,744266,4123,62,carrying,360.0,False
20261005_182715_614258720572051651_ca6d7b46d1764244b20ee6f33780b54b,21469,744560,4209,62,carrying,360.0,False
20261005_182715_614258720572051651_ca6d7b46d1764244b20ee6f33780b54b,21472,744634,3945,62,carrying,360.0,False
20261005_182715_614258720572051651_ca6d7b46d1764244b20ee6f33780b54b,21494,745100,4009,62,carrying,360.0,False
20261005_182715_614258720572051651_ca6d7b46d1764244b20ee6f33780b54b,21941,757222,3597,63,idle,130.0,True
20261005_182715_614258720572051651_ca6d7b46d1764244b20ee6f33780b54b,21943,757270,4009,63,carrying,360.0,False
20261005_182715_614258720572051651_ca6d7b46d1764244b20ee6f33780b54b,21984,758310,4209,63,carrying,360.0,False
20261005_182715_614258720572051651_ca6d7b46d1764244b20ee6f33780b54b,22041,759156,4123,63,carrying,360.0,False
20261005_182715_614258720572051651_ca6d7b46d1764244b20ee6f33780b54b,22042,759400,4209,63,carrying,360.0,False
20261005_182715_614258720572051651_ca6d7b46d1764244b20ee6f33780b54b,22107,760414,3945,63,carrying,360.0,False
20261005_182715_614258720572051651_ca6d7b46d1764244b20ee6f33780b54b,22409,769930,4009,64,carrying,360.0,False
20261005_182715_614258720572051651_ca6d7b46d1764244b20ee6f33780b54b,22414,770076,4123,64,carrying,360.0,False
20261005_182715_614258720572051651_ca6d7b46d1764244b20ee6f33780b54b,22416,770144,3945,64,carrying,360.0,False
20261005_182715_614258720572051651_ca6d7b46d1764244b20ee6f33780b54b,22632,774316,4123,64,carrying,240.0,False
20261005_182715_614258720572051651_ca6d7b46d1764244b20ee6f33780b54b,22636,774350,4009,64,idle,300.0,False
20261005_182715_614258720572051651_ca6d7b46d1764244b20ee6f33780b54b,22767,777040,4009,64,carrying,120.0,False
20261005_182715_614258720572051651_ca6d7b46d1764244b20ee6f33780b54b,22769,777216,4123,64,carrying,360.0,False
20261005_182715_614258720572051651_ca6d7b46d1764244b20ee6f33780b54b,22800,777910,4009,64,carrying,360.0,False
20261005_182715_614258720572051651_ca6d7b46d1764244b20ee6f33780b54b,22813,778090,4209,64,carrying,360.0,False
20261005_182715_614258720572051651_ca6d7b46d1764244b20ee6f33780b54b,22820,778256,4123,64,carrying,360.0,False
20261005_182715_614258720572051651_ca6d7b46d1764244b20ee6f33780b54b,23313,790970,4209,65,carrying,360.0,False
20261005_182715_614258720572051651_ca6d7b46d1764244b20ee6f33780b54b,23327,791316,4123,65,idle,240.0,False
20261005_182715_614258720572051651_ca6d7b46d1764244b20ee6f33780b54b,23431,794563,4306,66,,,False
