run_id,event_index,tick,villager_id,prey_type,simulation_day
20261005_182715_614258720572051651_ca6d7b46d1764244b20ee6f33780b54b,111,2572,3597.0,deer,0
20261005_182715_614258720572051651_ca6d7b46d1764244b20ee6f33780b54b,141,4362,3597.0,deer,0
20261005_182715_614258720572051651_ca6d7b46d1764244b20ee6f33780b54b,162,5542,3597.0,deer,0
20261005_182715_614258720572051651_ca6d7b46d1764244b20ee6f33780b54b,199,8722,3597.0,deer,0
20261005_182715_614258720572051651_ca6d7b46d1764244b20ee6f33780b54b,218,9592,3597.0,sheep,0
20261005_182715_614258720572051651_ca6d7b46d1764244b20ee6f33780b54b,324,12842,3597.0,sheep,1
20261005_182715_614258720572051651_ca6d7b46d1764244b20ee6f33780b54b,331,13312,3597.0,sheep,1
20261005_182715_614258720572051651_ca6d7b46d1764244b20ee6f33780b54b,342,13762,3597.0,sheep,1
20261005_182715_614258720572051651_ca6d7b46d1764244b20ee6f33780b54b,361,14272,3597.0,sheep,1
20261005_182715_614258720572051651_ca6d7b46d1764244b20ee6f33780b54b,421,15322,3597.0,sheep,1
20261005_182715_614258720572051651_ca6d7b46d1764244b20ee6f33780b54b,433,15832,3597.0,sheep,1
20261005_182715_614258720572051651_ca6d7b46d1764244b20ee6f33780b54b,605,26002,3597.0,sheep,2
20261005_182715_614258720572051651_ca6d7b46d1764244b20ee6f33780b54b,623,26822,3597.0,sheep,2
20261005_182715_614258720572051651_ca6d7b46d1764244b20ee6f33780b54b,638,27732,3597.0,sheep,2
20261005_182715_614258720572051651_ca6d7b46d1764244b20ee6f33780b54b,652,28562,3597.0,sheep,2
20261005_182715_614258720572051651_ca6d7b46d1764244b20ee6f33780b54b,664,29312,3597.0,sheep,2
20261005_182715_614258720572051651_ca6d7b46d1764244b20ee6f33780b54b,734,31562,3597.0,sheep,2
20261005_182715_614258720572051651_ca6d7b46d1764244b20ee6f33780b54b,971,46452,3597.0,sheep,3
20261005_182715_614258720572051651_ca6d7b46d1764244b20ee6f33780b54b,988,47822,3597.0,sheep,3
20261005_182715_614258720572051651_ca6d7b46d1764244b20ee6f33780b54b,1026,48642,3597.0,sheep,4
20261005_182715_614258720572051651_ca6d7b46d1764244b20ee6f33780b54b,1100,51622,3597.0,sheep,4
20261005_182715_614258720572051651_ca6d7b46d1764244b20ee6f33780b54b,1126,53102,3597.0,sheep,4
20261005_182715_614258720572051651_ca6d7b46d1764244b20ee6f33780b54b,1188,57522,3597.0,sheep,4
20261005_182715_614258720572051651_ca6d7b46d1764244b20ee6f33780b54b,1311,61702,3597.0,sheep,5
20261005_182715_614258720572051651_ca6d7b46d1764244b20ee6f33780b54b,1476,71672,3597.0,sheep,5
20261005_182715_614258720572051651_ca6d7b46d1764244b20ee6f33780b54b,3788,147442,3597.0,sheep,12
20261005_182715_614258720572051651_ca6d7b46d1764244b20ee6f33780b54b,4788,196362,3597.0,sheep,16
20261005_182715_614258720572051651_ca6d7b46d1764244b20ee6f33780b54b,5232,220242,3597.0,sheep,18
20261005_182715_614258720572051651_ca6d7b46d1764244b20ee6f33780b54b,5358,226432,3597.0,sheep,18
20261005_182715_614258720572051651_ca6d7b46d1764244b20ee6f33780b54b,5457,230052,3597.0,sheep,19
20261005_182715_614258720572051651_ca6d7b46d1764244b20ee6f33780b54b,5651,237922,3597.0,sheep,19
20261005_182715_614258720572051651_ca6d7b46d1764244b20ee6f33780b54b,6011,256862,3597.0,sheep,21
20261005_182715_614258720572051651_ca6d7b46d1764244b20ee6f33780b54b,7227,306722,3597.0,sheep,25
20261005_182715_614258720572051651_ca6d7b46d1764244b20ee6f33780b54b,8299,353842,3597.0,sheep,29
20261005_182715_614258720572051651_ca6d7b46d1764244b20ee6f33780b54b,8668,367372,3597.0,sheep,30
20261005_182715_614258720572051651_ca6d7b46d1764244b20ee6f33780b54b,8882,374949,3870.0,sheep,31
20261005_182715_614258720572051651_ca6d7b46d1764244b20ee6f33780b54b,9192,384512,3597.0,sheep,32
20261005_182715_614258720572051651_ca6d7b46d1764244b20ee6f33780b54b,9231,386389,3870.0,sheep,32
20261005_182715_614258720572051651_ca6d7b46d1764244b20ee6f33780b54b,9307,388572,3597.0,sheep,32
20261005_182715_614258720572051651_ca6d7b46d1764244b20ee6f33780b54b,11046,452522,3597.0,sheep,37
20261005_182715_614258720572051651_ca6d7b46d1764244b20ee6f33780b54b,11103,454249,3870.0,sheep,37
20261005_182715_614258720572051651_ca6d7b46d1764244b20ee6f33780b54b,11332,463312,3597.0,sheep,38
